{
	"partitions" : [
		{
			"name" : "Top",
			"pins" : [
				{
					"name" : "hex0[0]",
					"strict" : false
				},
				{
					"name" : "hex0[1]",
					"strict" : false
				},
				{
					"name" : "hex0[2]",
					"strict" : false
				},
				{
					"name" : "hex0[3]",
					"strict" : false
				},
				{
					"name" : "hex0[4]",
					"strict" : false
				},
				{
					"name" : "hex0[5]",
					"strict" : false
				},
				{
					"name" : "hex0[6]",
					"strict" : false
				},
				{
					"name" : "hex1[0]",
					"strict" : false
				},
				{
					"name" : "hex1[1]",
					"strict" : false
				},
				{
					"name" : "hex1[2]",
					"strict" : false
				},
				{
					"name" : "hex1[3]",
					"strict" : false
				},
				{
					"name" : "hex1[4]",
					"strict" : false
				},
				{
					"name" : "hex1[5]",
					"strict" : false
				},
				{
					"name" : "hex1[6]",
					"strict" : false
				},
				{
					"name" : "hex2[0]",
					"strict" : false
				},
				{
					"name" : "hex2[1]",
					"strict" : false
				},
				{
					"name" : "hex2[2]",
					"strict" : false
				},
				{
					"name" : "hex2[3]",
					"strict" : false
				},
				{
					"name" : "hex2[4]",
					"strict" : false
				},
				{
					"name" : "hex2[5]",
					"strict" : false
				},
				{
					"name" : "hex2[6]",
					"strict" : false
				},
				{
					"name" : "hex3[0]",
					"strict" : false
				},
				{
					"name" : "hex3[1]",
					"strict" : false
				},
				{
					"name" : "hex3[2]",
					"strict" : false
				},
				{
					"name" : "hex3[3]",
					"strict" : false
				},
				{
					"name" : "hex3[4]",
					"strict" : false
				},
				{
					"name" : "hex3[5]",
					"strict" : false
				},
				{
					"name" : "hex3[6]",
					"strict" : false
				},
				{
					"name" : "ledr[0]",
					"strict" : false
				},
				{
					"name" : "ledr[1]",
					"strict" : false
				},
				{
					"name" : "ledr[2]",
					"strict" : false
				},
				{
					"name" : "ledr[3]",
					"strict" : false
				},
				{
					"name" : "ledr[4]",
					"strict" : false
				},
				{
					"name" : "ledr[5]",
					"strict" : false
				},
				{
					"name" : "ledr[6]",
					"strict" : false
				},
				{
					"name" : "ledr[7]",
					"strict" : false
				},
				{
					"name" : "ledr[8]",
					"strict" : false
				},
				{
					"name" : "ledr[9]",
					"strict" : false
				},
				{
					"name" : "ledg[0]",
					"strict" : false
				},
				{
					"name" : "ledg[1]",
					"strict" : false
				},
				{
					"name" : "ledg[2]",
					"strict" : false
				},
				{
					"name" : "ledg[3]",
					"strict" : false
				},
				{
					"name" : "ledg[4]",
					"strict" : false
				},
				{
					"name" : "ledg[5]",
					"strict" : false
				},
				{
					"name" : "sw[2]",
					"strict" : false
				},
				{
					"name" : "sw[3]",
					"strict" : false
				},
				{
					"name" : "sw[0]",
					"strict" : false
				},
				{
					"name" : "sw[1]",
					"strict" : false
				},
				{
					"name" : "CLOCK_50",
					"strict" : false
				},
				{
					"name" : "sw[17]",
					"strict" : false
				},
				{
					"name" : "key[1]",
					"strict" : false
				},
				{
					"name" : "key[0]",
					"strict" : false
				},
				{
					"name" : "key[3]",
					"strict" : false
				},
				{
					"name" : "key[2]",
					"strict" : false
				}
			]
		}
	]
}