{
	"partitions" : [
		{
			"name" : "Top",
			"pins" : [
				{
					"name" : "ResetQuant",
					"strict" : false
				},
				{
					"name" : "MinusOne",
					"strict" : false
				},
				{
					"name" : "OPenProd",
					"strict" : false
				},
				{
					"name" : "Troc3[0]",
					"strict" : false
				},
				{
					"name" : "Troc3[1]",
					"strict" : false
				},
				{
					"name" : "Troc3[2]",
					"strict" : false
				},
				{
					"name" : "Troc3[3]",
					"strict" : false
				},
				{
					"name" : "reset",
					"strict" : false
				},
				{
					"name" : "coin3",
					"strict" : false
				},
				{
					"name" : "coin4",
					"strict" : false
				},
				{
					"name" : "coin1",
					"strict" : false
				},
				{
					"name" : "coin2",
					"strict" : false
				},
				{
					"name" : "En",
					"strict" : false
				},
				{
					"name" : "clk",
					"strict" : false
				}
			]
		}
	]
}